Modelo,MAE,RMSE,R²
complex_nn_model,22.87226918411255,32.26756417367732,0.40494122837500857
