Model,MAE (€),MSE (€²),RMSE (€),R²
LightGBM,7.2818069612871,229.97293452898563,15.164858539695834,0.8685670597469859
