Modelo,MAE,RMSE,R²
simple_nn_model,11.959715703964234,19.287768788404808,0.7873861855469118
